annee;code_territoire;colors;id;id_source;id_target;label;nom_territoire;source;target;type_territoire;value
2017;200042935;#40de48;1;0;1;imports organo-carburant;CA Haut - Bugey Agglomťration;Importations;Organo-carburants;epci;43.55861497752695
2017;200042935;#40de49;2;1;2;organo-carburant;CA Haut - Bugey Agglomťration;Organo-carburants;Organo-carburants - vecteur ťnergťtique ;epci;43.55861497752695
2017;200042935;#40de50;3;2;3;organo-carburant vecteur;CA Haut - Bugey Agglomťration;Organo-carburants - vecteur ťnergťtique ;Rťsidentiel;epci;0.0
2017;200042935;#40de51;4;2;4;Rťsidentiel;CA Haut - Bugey Agglomťration;Organo-carburants - vecteur ťnergťtique ;Tertiaire;epci;0.0
2017;200042935;#40de52;5;2;5;Tertiaire;CA Haut - Bugey Agglomťration;Organo-carburants - vecteur ťnergťtique ;Agriculture, sylviculture et aquaculture;epci;0.486335194084698
2017;200042935;#40de53;6;2;6;Agriculture;CA Haut - Bugey Agglomťration;Organo-carburants - vecteur ťnergťtique ;Industrie et dťchets;epci;0.0
2017;200042935;#40de54;7;2;7;Industrie-dťchets;CA Haut - Bugey Agglomťration;Organo-carburants - vecteur ťnergťtique ;Transport;epci;43.072279783442255
2017;200042935;#c5c9d1;8;8;9;Transport;CA Haut - Bugey Agglomťration;Importations;Produits pťtroliers primaires;epci;0.0
2017;200042935;#c5c9d1;9;9;10;imports pp primaires;CA Haut - Bugey Agglomťration;Produits pťtroliers primaires;Raffinerie;epci;0.0
2017;200042935;#c5c9d1;10;10;12;pp primaires;CA Haut - Bugey Agglomťration;Raffinerie;Produits pťtroliers secondaires;epci;0.0
2017;200042935;#c5c9d1;11;10;13;Raffinerie;CA Haut - Bugey Agglomťration;Raffinerie;Exportations;epci;0.0
2017;200042935;#c5c9d1;12;10;14;Imports pp secondaires;CA Haut - Bugey Agglomťration;Raffinerie;Pertes transformation;epci;0.0
2017;200042935;#c5c9d1;13;11;12;pp secondaires;CA Haut - Bugey Agglomťration;Importations;Produits pťtroliers secondaires;epci;697.1740543571416
2017;200042935;#c5c9d1;14;12;16;Exportations;CA Haut - Bugey Agglomťration;Produits pťtroliers secondaires;Transformation de l'ťnergie;epci;0.255158
2017;200042935;#c5c9d1;15;12;15;Pertes raffinage;CA Haut - Bugey Agglomťration;Produits pťtroliers secondaires;Produits pťtroliers secondaires - vecteur ťnergťtique ;epci;696.9188963571426
2017;200042935;#c5c9d1;16;15;3;pp secondaires vecteur;CA Haut - Bugey Agglomťration;Produits pťtroliers secondaires - vecteur ťnergťtique ;Rťsidentiel;epci;98.9633726450072
2017;200042935;#c5c9d1;17;15;4;Transformation de l'ťnergie;CA Haut - Bugey Agglomťration;Produits pťtroliers secondaires - vecteur ťnergťtique ;Tertiaire;epci;21.7762122433223
2017;200042935;#c5c9d1;18;15;5;Importation gaz;CA Haut - Bugey Agglomťration;Produits pťtroliers secondaires - vecteur ťnergťtique ;Agriculture, sylviculture et aquaculture;epci;6.37601105813087
2017;200042935;#c5c9d1;19;15;6;Gaz;CA Haut - Bugey Agglomťration;Produits pťtroliers secondaires - vecteur ťnergťtique ;Industrie et dťchets;epci;25.7133670808413
2017;200042935;#c5c9d1;20;15;7;Pertes rťseaux;CA Haut - Bugey Agglomťration;Produits pťtroliers secondaires - vecteur ťnergťtique ;Transport;epci;544.089933329841
2017;200042935;#f58536;21;17;18;Gaz vecteur;CA Haut - Bugey Agglomťration;Importations;Gaz;epci;314.5601699144832
2017;200042935;#f58536;22;18;19;Imports CMS;CA Haut - Bugey Agglomťration;Gaz;Pertes rťseaux;epci;1.4008072134055147
2017;200042935;#f58536;23;18;16;CMS;CA Haut - Bugey Agglomťration;Gaz;Transformation de l'ťnergie;epci;32.997920019975
2017;200042935;#f58536;24;18;20;CMS vecteur;CA Haut - Bugey Agglomťration;Gaz;Gaz - vecteur ťnergťtique ;epci;281.5622498945082
2017;200042935;#f58536;25;20;3;Imports uranium;CA Haut - Bugey Agglomťration;Gaz - vecteur ťnergťtique ;Rťsidentiel;epci;144.11928882
2017;200042935;#f58536;26;20;4;Uranium;CA Haut - Bugey Agglomťration;Gaz - vecteur ťnergťtique ;Tertiaire;epci;122.230556891444
2017;200042935;#f58536;27;20;5;Imports biomasse solide;CA Haut - Bugey Agglomťration;Gaz - vecteur ťnergťtique ;Agriculture, sylviculture et aquaculture;epci;0.17482113723066706
2017;200042935;#f58536;28;20;6;Production biommase solide;CA Haut - Bugey Agglomťration;Gaz - vecteur ťnergťtique ;Industrie et dťchets;epci;13.1298404132699
2017;200042935;#f58536;29;20;7;Biomasse solide;CA Haut - Bugey Agglomťration;Gaz - vecteur ťnergťtique ;Transport;epci;0.50693541915815
2017;200042935;#211e1c;30;21;22;Biomasse solide vecteur;CA Haut - Bugey Agglomťration;Importations;CMS;epci;0.583901861667504
2017;200042935;#211e1c;31;22;16;Production biogaz;CA Haut - Bugey Agglomťration;CMS;Transformation de l'ťnergie;epci;0.0
2017;200042935;#211e1c;32;22;23;Biogaz;CA Haut - Bugey Agglomťration;CMS;CMS - vecteur ťnergťtique ;epci;0.583901861667504
2017;200042935;#211e1c;33;23;3;Production dťchets;CA Haut - Bugey Agglomťration;CMS - vecteur ťnergťtique ;Rťsidentiel;epci;0.0
2017;200042935;#211e1c;34;23;4;Dťchets;CA Haut - Bugey Agglomťration;CMS - vecteur ťnergťtique ;Tertiaire;epci;0.0
2017;200042935;#211e1c;35;23;5;Dťchets vecteur;CA Haut - Bugey Agglomťration;CMS - vecteur ťnergťtique ;Agriculture, sylviculture et aquaculture;epci;0.0
2017;200042935;#211e1c;36;23;6;Production hydraulique;CA Haut - Bugey Agglomťration;CMS - vecteur ťnergťtique ;Industrie et dťchets;epci;0.583901861667504
2017;200042935;#211e1c;37;23;7;Hydroťlectricitť;CA Haut - Bugey Agglomťration;CMS - vecteur ťnergťtique ;Transport;epci;0.0
2017;200042935;#981ca3;38;24;25;Production ťolien;CA Haut - Bugey Agglomťration;Importations;Uranium;epci;0.0
2017;200042935;#981ca3;39;25;16;Eolien;CA Haut - Bugey Agglomťration;Uranium;Transformation de l'ťnergie;epci;0.0
2017;200042935;#db0d55;40;26;28;Production solaire PV;CA Haut - Bugey Agglomťration;Importations;Biomasse solide;epci;33.012386534275066
2017;200042935;#db0d55;41;27;28;Solaire PV;CA Haut - Bugey Agglomťration;Production;Biomasse solide;epci;77.02890191330849
2017;200042935;#db0d55;42;28;16;Electricitť;CA Haut - Bugey Agglomťration;Biomasse solide;Transformation de l'ťnergie;epci;48.077632
2017;200042935;#db0d55;43;28;29;Production solaire thermique;CA Haut - Bugey Agglomťration;Biomasse solide;Biomasse solide - vecteur ťnergťtique ;epci;61.96365644758356
2017;200042935;#db0d55;44;29;3;Solaire thermique;CA Haut - Bugey Agglomťration;Biomasse solide - vecteur ťnergťtique ;Rťsidentiel;epci;65.9779973564865
2017;200042935;#db0d55;45;29;4;Production PAC;CA Haut - Bugey Agglomťration;Biomasse solide - vecteur ťnergťtique ;Tertiaire;epci;-11.397897143225139
2017;200042935;#db0d55;46;29;5;Pertes ou torchage;CA Haut - Bugey Agglomťration;Biomasse solide - vecteur ťnergťtique ;Agriculture, sylviculture et aquaculture;epci;0.0
2017;200042935;#db0d55;47;29;6;PAC;CA Haut - Bugey Agglomťration;Biomasse solide - vecteur ťnergťtique ;Industrie et dťchets;epci;7.383556234322199
2017;200042935;#db0d55;48;29;7;Chaleur locale;CA Haut - Bugey Agglomťration;Biomasse solide - vecteur ťnergťtique ;Transport;epci;0.0
2017;200042935;#1ca337;49;30;31;Rťseaux de chaleur;CA Haut - Bugey Agglomťration;Production;Biogaz;epci;0.0
2017;200042935;#1ca337;50;31;45;Pertes transformation;CA Haut - Bugey Agglomťration;Biogaz;Pertes ou torchage;epci;0.0
2017;200042935;#1ca337;51;31;20;;CA Haut - Bugey Agglomťration;Biogaz;Gaz;epci;0.0
2017;200042935;#1ca337;52;31;16;;CA Haut - Bugey Agglomťration;Biogaz;Transformation de l'ťnergie;epci;0.0
2017;200042935;#db0d55;58;32;33;;CA Haut - Bugey Agglomťration;Production;Dťchets;epci;0.0
2017;200042935;#db0d55;59;33;16;;CA Haut - Bugey Agglomťration;Dťchets;Transformation de l'ťnergie;epci;0.0
2017;200042935;#db0d55;60;33;34;;CA Haut - Bugey Agglomťration;Dťchets;Dťchets - vecteur ťnergťtique ;epci;0.0
2017;200042935;#db0d55;61;34;3;;CA Haut - Bugey Agglomťration;Dťchets - vecteur ťnergťtique ;Rťsidentiel;epci;0.0
2017;200042935;#db0d55;62;34;4;;CA Haut - Bugey Agglomťration;Dťchets - vecteur ťnergťtique ;Tertiaire;epci;0.0
2017;200042935;#db0d55;63;34;5;;CA Haut - Bugey Agglomťration;Dťchets - vecteur ťnergťtique ;Agriculture, sylviculture et aquaculture;epci;0.0
2017;200042935;#db0d55;64;34;6;;CA Haut - Bugey Agglomťration;Dťchets - vecteur ťnergťtique ;Industrie et dťchets;epci;0.0
2017;200042935;#db0d55;65;34;7;;CA Haut - Bugey Agglomťration;Dťchets - vecteur ťnergťtique ;Transport;epci;0.0
2017;200042935;#3474eb;66;35;36;;CA Haut - Bugey Agglomťration;Production;Hydraulique;epci;122.136444
2017;200042935;#3474eb;67;37;38;;CA Haut - Bugey Agglomťration;Production;Eolien;epci;6.78312
2017;200042935;#faf31e;68;39;40;;CA Haut - Bugey Agglomťration;Production;Solaire PV;epci;2.2165384867849296
2017;200042935;#3474eb;69;36;41;;CA Haut - Bugey Agglomťration;Hydraulique;Electricitť;epci;122.136444
2017;200042935;#3474eb;70;38;41;;CA Haut - Bugey Agglomťration;Eolien;Electricitť;epci;6.78312
2017;200042935;#faf31e;71;40;41;;CA Haut - Bugey Agglomťration;Solaire PV;Electricitť;epci;2.2165384867849296
2017;200042935;#faf31e;72;42;43;;CA Haut - Bugey Agglomťration;Production;Solaire thermique;epci;2.23
2017;200042935;#faf31e;73;44;46;;CA Haut - Bugey Agglomťration;Production;PAC;epci;19.11
2017;200042935;#faf31e;74;43;47;;CA Haut - Bugey Agglomťration;Solaire thermique;Chaleur locale;epci;2.23
2017;200042935;#faf31e;75;46;47;;CA Haut - Bugey Agglomťration;PAC;Chaleur locale;epci;19.11
2017;200042935;#db0d55;76;47;3;;CA Haut - Bugey Agglomťration;Chaleur locale;Rťsidentiel;epci;21.34
2017;200042935;#db0d55;77;47;6;;CA Haut - Bugey Agglomťration;Chaleur locale;Industrie et dťchets;epci;0.0
2017;200042935;#db0d55;78;48;19;;CA Haut - Bugey Agglomťration;Chaleur RDC;Pertes rťseaux;epci;3.067785500000003
2017;200042935;#db0d55;79;48;3;;CA Haut - Bugey Agglomťration;Chaleur RDC;Rťsidentiel;epci;33.224116965
2017;200042935;#db0d55;80;48;4;;CA Haut - Bugey Agglomťration;Chaleur RDC;Tertiaire;epci;18.069256595000002
2017;200042935;#db0d55;81;48;5;;CA Haut - Bugey Agglomťration;Chaleur RDC;Agriculture, sylviculture et aquaculture;epci;1.16575849
2017;200042935;#db0d55;82;48;6;;CA Haut - Bugey Agglomťration;Chaleur RDC;Industrie et dťchets;epci;5.828792450000001
2017;200042935;#3474eb;83;16;41;;CA Haut - Bugey Agglomťration;Transformation de l'ťnergie;Electricitť;epci;7.99
2017;200042935;#db0d55;84;16;48;;CA Haut - Bugey Agglomťration;Transformation de l'ťnergie;Chaleur RDC;epci;61.35571
2017;200042935;#db0d55;85;16;47;;CA Haut - Bugey Agglomťration;Transformation de l'ťnergie;Chaleur locale;epci;0.0
2017;200042935;#c5c9d1;86;16;49;;CA Haut - Bugey Agglomťration;Transformation de l'ťnergie;Pertes transformation;epci;11.985000019974999
2017;200042935;#3474eb;87;41;3;;CA Haut - Bugey Agglomťration;Electricitť;Rťsidentiel;epci;151.595537687203
2017;200042935;#3474eb;88;41;4;;CA Haut - Bugey Agglomťration;Electricitť;Tertiaire;epci;89.8720146237775
2017;200042935;#3474eb;89;41;5;;CA Haut - Bugey Agglomťration;Electricitť;Agriculture, sylviculture et aquaculture;epci;1.61371760161434
2017;200042935;#3474eb;90;41;6;;CA Haut - Bugey Agglomťration;Electricitť;Industrie et dťchets;epci;420.3770231092565
2017;200042935;#3474eb;91;41;7;;CA Haut - Bugey Agglomťration;Electricitť;Transport;epci;2.240336311404284
2017;200042935;#3474eb;92;41;19;;CA Haut - Bugey Agglomťration;Electricitť;Pertes rťseaux;epci;12.52134922381064
2017;200042935;#3474eb;93;41;13;;CA Haut - Bugey Agglomťration;Electricitť;Exportations;epci;539.0938760702813
2017;200073401;#40de48;1;0;1;imports organo-carburant;CC Mťzenc-Loire-Meygal;Importations;Organo-carburants;epci;6.4403121079978805
2017;200073401;#40de49;2;1;2;organo-carburant;CC Mťzenc-Loire-Meygal;Organo-carburants;Organo-carburants - vecteur ťnergťtique ;epci;6.4403121079978805
2017;200073401;#40de50;3;2;3;organo-carburant vecteur;CC Mťzenc-Loire-Meygal;Organo-carburants - vecteur ťnergťtique ;Rťsidentiel;epci;0.0
2017;200073401;#40de51;4;2;4;Rťsidentiel;CC Mťzenc-Loire-Meygal;Organo-carburants - vecteur ťnergťtique ;Tertiaire;epci;0.0
2017;200073401;#40de52;5;2;5;Tertiaire;CC Mťzenc-Loire-Meygal;Organo-carburants - vecteur ťnergťtique ;Agriculture, sylviculture et aquaculture;epci;1.58743616596342
2017;200073401;#40de53;6;2;6;Agriculture;CC Mťzenc-Loire-Meygal;Organo-carburants - vecteur ťnergťtique ;Industrie et dťchets;epci;0.0
2017;200073401;#40de54;7;2;7;Industrie-dťchets;CC Mťzenc-Loire-Meygal;Organo-carburants - vecteur ťnergťtique ;Transport;epci;4.85287594203446
2017;200073401;#c5c9d1;8;8;9;Transport;CC Mťzenc-Loire-Meygal;Importations;Produits pťtroliers primaires;epci;0.0
2017;200073401;#c5c9d1;9;9;10;imports pp primaires;CC Mťzenc-Loire-Meygal;Produits pťtroliers primaires;Raffinerie;epci;0.0
2017;200073401;#c5c9d1;10;10;12;pp primaires;CC Mťzenc-Loire-Meygal;Raffinerie;Produits pťtroliers secondaires;epci;0.0
2017;200073401;#c5c9d1;11;10;13;Raffinerie;CC Mťzenc-Loire-Meygal;Raffinerie;Exportations;epci;0.0
2017;200073401;#c5c9d1;12;10;14;Imports pp secondaires;CC Mťzenc-Loire-Meygal;Raffinerie;Pertes transformation;epci;0.0
2017;200073401;#c5c9d1;13;11;12;pp secondaires;CC Mťzenc-Loire-Meygal;Importations;Produits pťtroliers secondaires;epci;134.94635565920993
2017;200073401;#c5c9d1;14;12;16;Exportations;CC Mťzenc-Loire-Meygal;Produits pťtroliers secondaires;Transformation de l'ťnergie;epci;0.0
2017;200073401;#c5c9d1;15;12;15;Pertes raffinage;CC Mťzenc-Loire-Meygal;Produits pťtroliers secondaires;Produits pťtroliers secondaires - vecteur ťnergťtique ;epci;134.94635565920998
2017;200073401;#c5c9d1;16;15;3;pp secondaires vecteur;CC Mťzenc-Loire-Meygal;Produits pťtroliers secondaires - vecteur ťnergťtique ;Rťsidentiel;epci;43.3444493997376
2017;200073401;#c5c9d1;17;15;4;Transformation de l'ťnergie;CC Mťzenc-Loire-Meygal;Produits pťtroliers secondaires - vecteur ťnergťtique ;Tertiaire;epci;9.08951845343308
2017;200073401;#c5c9d1;18;15;5;Importation gaz;CC Mťzenc-Loire-Meygal;Produits pťtroliers secondaires - vecteur ťnergťtique ;Agriculture, sylviculture et aquaculture;epci;19.481908129438
2017;200073401;#c5c9d1;19;15;6;Gaz;CC Mťzenc-Loire-Meygal;Produits pťtroliers secondaires - vecteur ťnergťtique ;Industrie et dťchets;epci;2.28373131474269
2017;200073401;#c5c9d1;20;15;7;Pertes rťseaux;CC Mťzenc-Loire-Meygal;Produits pťtroliers secondaires - vecteur ťnergťtique ;Transport;epci;60.7467483618586
2017;200073401;#f58536;21;17;18;Gaz vecteur;CC Mťzenc-Loire-Meygal;Importations;Gaz;epci;5.443799624191666
2017;200073401;#f58536;22;18;19;Imports CMS;CC Mťzenc-Loire-Meygal;Gaz;Pertes rťseaux;epci;0.027083580219859058
2017;200073401;#f58536;23;18;16;CMS;CC Mťzenc-Loire-Meygal;Gaz;Transformation de l'ťnergie;epci;0.0
2017;200073401;#f58536;24;18;20;CMS vecteur;CC Mťzenc-Loire-Meygal;Gaz;Gaz - vecteur ťnergťtique ;epci;5.443799624191666
2017;200073401;#f58536;25;20;3;Imports uranium;CC Mťzenc-Loire-Meygal;Gaz - vecteur ťnergťtique ;Rťsidentiel;epci;4.83570000000001
2017;200073401;#f58536;26;20;4;Uranium;CC Mťzenc-Loire-Meygal;Gaz - vecteur ťnergťtique ;Tertiaire;epci;0.553624534678482
2017;200073401;#f58536;27;20;5;Imports biomasse solide;CC Mťzenc-Loire-Meygal;Gaz - vecteur ťnergťtique ;Agriculture, sylviculture et aquaculture;epci;0.01374107276403218
2017;200073401;#f58536;28;20;6;Production biommase solide;CC Mťzenc-Loire-Meygal;Gaz - vecteur ťnergťtique ;Industrie et dťchets;epci;0.0136504365292824
2017;200073401;#f58536;29;20;7;Biomasse solide;CC Mťzenc-Loire-Meygal;Gaz - vecteur ťnergťtique ;Transport;epci;0.0
2017;200073401;#211e1c;30;21;22;Biomasse solide vecteur;CC Mťzenc-Loire-Meygal;Importations;CMS;epci;0.403065435674052
2017;200073401;#211e1c;31;22;16;Production biogaz;CC Mťzenc-Loire-Meygal;CMS;Transformation de l'ťnergie;epci;0.0
2017;200073401;#211e1c;32;22;23;Biogaz;CC Mťzenc-Loire-Meygal;CMS;CMS - vecteur ťnergťtique ;epci;0.403065435674052
2017;200073401;#211e1c;33;23;3;Production dťchets;CC Mťzenc-Loire-Meygal;CMS - vecteur ťnergťtique ;Rťsidentiel;epci;0.0
2017;200073401;#211e1c;34;23;4;Dťchets;CC Mťzenc-Loire-Meygal;CMS - vecteur ťnergťtique ;Tertiaire;epci;0.0
2017;200073401;#211e1c;35;23;5;Dťchets vecteur;CC Mťzenc-Loire-Meygal;CMS - vecteur ťnergťtique ;Agriculture, sylviculture et aquaculture;epci;0.0
2017;200073401;#211e1c;36;23;6;Production hydraulique;CC Mťzenc-Loire-Meygal;CMS - vecteur ťnergťtique ;Industrie et dťchets;epci;0.403065435674052
2017;200073401;#211e1c;37;23;7;Hydroťlectricitť;CC Mťzenc-Loire-Meygal;CMS - vecteur ťnergťtique ;Transport;epci;0.0
2017;200073401;#981ca3;38;24;25;Production ťolien;CC Mťzenc-Loire-Meygal;Importations;Uranium;epci;0.0
2017;200073401;#981ca3;39;25;16;Eolien;CC Mťzenc-Loire-Meygal;Uranium;Transformation de l'ťnergie;epci;0.0
2017;200073401;#db0d55;40;26;28;Production solaire PV;CC Mťzenc-Loire-Meygal;Importations;Biomasse solide;epci;10.75012338007866
2017;200073401;#db0d55;41;27;28;Solaire PV;CC Mťzenc-Loire-Meygal;Production;Biomasse solide;epci;25.083621220183538
2017;200073401;#db0d55;42;28;16;Electricitť;CC Mťzenc-Loire-Meygal;Biomasse solide;Transformation de l'ťnergie;epci;0.0
2017;200073401;#db0d55;43;28;29;Production solaire thermique;CC Mťzenc-Loire-Meygal;Biomasse solide;Biomasse solide - vecteur ťnergťtique ;epci;35.8337446002622
2017;200073401;#db0d55;44;29;3;Solaire thermique;CC Mťzenc-Loire-Meygal;Biomasse solide - vecteur ťnergťtique ;Rťsidentiel;epci;35.0158128531069
2017;200073401;#db0d55;45;29;4;Production PAC;CC Mťzenc-Loire-Meygal;Biomasse solide - vecteur ťnergťtique ;Tertiaire;epci;0.706109965850183
2017;200073401;#db0d55;46;29;5;Pertes ou torchage;CC Mťzenc-Loire-Meygal;Biomasse solide - vecteur ťnergťtique ;Agriculture, sylviculture et aquaculture;epci;0.0
2017;200073401;#db0d55;47;29;6;PAC;CC Mťzenc-Loire-Meygal;Biomasse solide - vecteur ťnergťtique ;Industrie et dťchets;epci;0.111821781305115
2017;200073401;#db0d55;48;29;7;Chaleur locale;CC Mťzenc-Loire-Meygal;Biomasse solide - vecteur ťnergťtique ;Transport;epci;0.0
2017;200073401;#1ca337;49;30;31;Rťseaux de chaleur;CC Mťzenc-Loire-Meygal;Production;Biogaz;epci;0.0
2017;200073401;#1ca337;50;31;45;Pertes transformation;CC Mťzenc-Loire-Meygal;Biogaz;Pertes ou torchage;epci;0.0
2017;200073401;#1ca337;51;31;20;;CC Mťzenc-Loire-Meygal;Biogaz;Gaz;epci;0.0
2017;200073401;#1ca337;52;31;16;;CC Mťzenc-Loire-Meygal;Biogaz;Transformation de l'ťnergie;epci;0.0
2017;200073401;#db0d55;58;32;33;;CC Mťzenc-Loire-Meygal;Production;Dťchets;epci;0.0
2017;200073401;#db0d55;59;33;16;;CC Mťzenc-Loire-Meygal;Dťchets;Transformation de l'ťnergie;epci;0.0
2017;200073401;#db0d55;60;33;34;;CC Mťzenc-Loire-Meygal;Dťchets;Dťchets - vecteur ťnergťtique ;epci;0.0
2017;200073401;#db0d55;61;34;3;;CC Mťzenc-Loire-Meygal;Dťchets - vecteur ťnergťtique ;Rťsidentiel;epci;0.0
2017;200073401;#db0d55;62;34;4;;CC Mťzenc-Loire-Meygal;Dťchets - vecteur ťnergťtique ;Tertiaire;epci;0.0
2017;200073401;#db0d55;63;34;5;;CC Mťzenc-Loire-Meygal;Dťchets - vecteur ťnergťtique ;Agriculture, sylviculture et aquaculture;epci;0.0
2017;200073401;#db0d55;64;34;6;;CC Mťzenc-Loire-Meygal;Dťchets - vecteur ťnergťtique ;Industrie et dťchets;epci;0.0
2017;200073401;#db0d55;65;34;7;;CC Mťzenc-Loire-Meygal;Dťchets - vecteur ťnergťtique ;Transport;epci;0.0
2017;200073401;#3474eb;66;35;36;;CC Mťzenc-Loire-Meygal;Production;Hydraulique;epci;0.455198
2017;200073401;#3474eb;67;37;38;;CC Mťzenc-Loire-Meygal;Production;Eolien;epci;17.25356
2017;200073401;#faf31e;68;39;40;;CC Mťzenc-Loire-Meygal;Production;Solaire PV;epci;2.5625955377767933
2017;200073401;#3474eb;69;36;41;;CC Mťzenc-Loire-Meygal;Hydraulique;Electricitť;epci;0.455198
2017;200073401;#3474eb;70;38;41;;CC Mťzenc-Loire-Meygal;Eolien;Electricitť;epci;17.25356
2017;200073401;#faf31e;71;40;41;;CC Mťzenc-Loire-Meygal;Solaire PV;Electricitť;epci;2.5625955377767933
2017;200073401;#faf31e;72;42;43;;CC Mťzenc-Loire-Meygal;Production;Solaire thermique;epci;0.42
2017;200073401;#faf31e;73;44;46;;CC Mťzenc-Loire-Meygal;Production;PAC;epci;8.81
2017;200073401;#faf31e;74;43;47;;CC Mťzenc-Loire-Meygal;Solaire thermique;Chaleur locale;epci;0.42
2017;200073401;#faf31e;75;46;47;;CC Mťzenc-Loire-Meygal;PAC;Chaleur locale;epci;8.81
2017;200073401;#db0d55;76;47;3;;CC Mťzenc-Loire-Meygal;Chaleur locale;Rťsidentiel;epci;9.23
2017;200073401;#db0d55;77;47;6;;CC Mťzenc-Loire-Meygal;Chaleur locale;Industrie et dťchets;epci;0.0
2017;200073401;#db0d55;78;48;19;;CC Mťzenc-Loire-Meygal;Chaleur RDC;Pertes rťseaux;epci;0.0
2017;200073401;#db0d55;79;48;3;;CC Mťzenc-Loire-Meygal;Chaleur RDC;Rťsidentiel;epci;0.0
2017;200073401;#db0d55;80;48;4;;CC Mťzenc-Loire-Meygal;Chaleur RDC;Tertiaire;epci;0.0
2017;200073401;#db0d55;81;48;5;;CC Mťzenc-Loire-Meygal;Chaleur RDC;Agriculture, sylviculture et aquaculture;epci;0.0
2017;200073401;#db0d55;82;48;6;;CC Mťzenc-Loire-Meygal;Chaleur RDC;Industrie et dťchets;epci;0.0
2017;200073401;#3474eb;83;16;41;;CC Mťzenc-Loire-Meygal;Transformation de l'ťnergie;Electricitť;epci;0.0
2017;200073401;#db0d55;84;16;48;;CC Mťzenc-Loire-Meygal;Transformation de l'ťnergie;Chaleur RDC;epci;0.0
2017;200073401;#db0d55;85;16;47;;CC Mťzenc-Loire-Meygal;Transformation de l'ťnergie;Chaleur locale;epci;0.0
2017;200073401;#c5c9d1;86;16;49;;CC Mťzenc-Loire-Meygal;Transformation de l'ťnergie;Pertes transformation;epci;0.0
2017;200073401;#3474eb;87;41;3;;CC Mťzenc-Loire-Meygal;Electricitť;Rťsidentiel;epci;29.6575219999999
2017;200073401;#3474eb;88;41;4;;CC Mťzenc-Loire-Meygal;Electricitť;Tertiaire;epci;12.4793444385371
2017;200073401;#3474eb;89;41;5;;CC Mťzenc-Loire-Meygal;Electricitť;Agriculture, sylviculture et aquaculture;epci;3.6380033536566
2017;200073401;#3474eb;90;41;6;;CC Mťzenc-Loire-Meygal;Electricitť;Industrie et dťchets;epci;6.777973888541203
2017;200073401;#3474eb;91;41;7;;CC Mťzenc-Loire-Meygal;Electricitť;Transport;epci;0.0387820220350487
2017;200073401;#3474eb;92;41;19;;CC Mťzenc-Loire-Meygal;Electricitť;Pertes rťseaux;epci;1.8244218183999108
2017;200073401;#3474eb;93;41;13;;CC Mťzenc-Loire-Meygal;Electricitť;Exportations;epci;34.14469398339297
2017;200071215;#40de48;1;0;1;imports organo-carburant;CC Chavanon Combrailles et Volcans;Importations;Organo-carburants;epci;21.063458074200867
2017;200071215;#40de49;2;1;2;organo-carburant;CC Chavanon Combrailles et Volcans;Organo-carburants;Organo-carburants - vecteur ťnergťtique ;epci;21.063458074200867
2017;200071215;#40de50;3;2;3;organo-carburant vecteur;CC Chavanon Combrailles et Volcans;Organo-carburants - vecteur ťnergťtique ;Rťsidentiel;epci;0.0
2017;200071215;#40de51;4;2;4;Rťsidentiel;CC Chavanon Combrailles et Volcans;Organo-carburants - vecteur ťnergťtique ;Tertiaire;epci;0.0
2017;200071215;#40de52;5;2;5;Tertiaire;CC Chavanon Combrailles et Volcans;Organo-carburants - vecteur ťnergťtique ;Agriculture, sylviculture et aquaculture;epci;3.20259388718187
2017;200071215;#40de53;6;2;6;Agriculture;CC Chavanon Combrailles et Volcans;Organo-carburants - vecteur ťnergťtique ;Industrie et dťchets;epci;0.0
2017;200071215;#40de54;7;2;7;Industrie-dťchets;CC Chavanon Combrailles et Volcans;Organo-carburants - vecteur ťnergťtique ;Transport;epci;17.860864187018997
2017;200071215;#c5c9d1;8;8;9;Transport;CC Chavanon Combrailles et Volcans;Importations;Produits pťtroliers primaires;epci;0.0
2017;200071215;#c5c9d1;9;9;10;imports pp primaires;CC Chavanon Combrailles et Volcans;Produits pťtroliers primaires;Raffinerie;epci;0.0
2017;200071215;#c5c9d1;10;10;12;pp primaires;CC Chavanon Combrailles et Volcans;Raffinerie;Produits pťtroliers secondaires;epci;0.0
2017;200071215;#c5c9d1;11;10;13;Raffinerie;CC Chavanon Combrailles et Volcans;Raffinerie;Exportations;epci;0.0
2017;200071215;#c5c9d1;12;10;14;Imports pp secondaires;CC Chavanon Combrailles et Volcans;Raffinerie;Pertes transformation;epci;0.0
2017;200071215;#c5c9d1;13;11;12;pp secondaires;CC Chavanon Combrailles et Volcans;Importations;Produits pťtroliers secondaires;epci;311.84127521395476
2017;200071215;#c5c9d1;14;12;16;Exportations;CC Chavanon Combrailles et Volcans;Produits pťtroliers secondaires;Transformation de l'ťnergie;epci;0.37113
2017;200071215;#c5c9d1;15;12;15;Pertes raffinage;CC Chavanon Combrailles et Volcans;Produits pťtroliers secondaires;Produits pťtroliers secondaires - vecteur ťnergťtique ;epci;311.470145213955
2017;200071215;#c5c9d1;16;15;3;pp secondaires vecteur;CC Chavanon Combrailles et Volcans;Produits pťtroliers secondaires - vecteur ťnergťtique ;Rťsidentiel;epci;36.075300804101
2017;200071215;#c5c9d1;17;15;4;Transformation de l'ťnergie;CC Chavanon Combrailles et Volcans;Produits pťtroliers secondaires - vecteur ťnergťtique ;Tertiaire;epci;6.34422601126574
2017;200071215;#c5c9d1;18;15;5;Importation gaz;CC Chavanon Combrailles et Volcans;Produits pťtroliers secondaires - vecteur ťnergťtique ;Agriculture, sylviculture et aquaculture;epci;39.1315998501529
2017;200071215;#c5c9d1;19;15;6;Gaz;CC Chavanon Combrailles et Volcans;Produits pťtroliers secondaires - vecteur ťnergťtique ;Industrie et dťchets;epci;3.79405728541767
2017;200071215;#c5c9d1;20;15;7;Pertes rťseaux;CC Chavanon Combrailles et Volcans;Produits pťtroliers secondaires - vecteur ťnergťtique ;Transport;epci;226.1249612630177
2017;200071215;#f58536;21;17;18;Gaz vecteur;CC Chavanon Combrailles et Volcans;Importations;Gaz;epci;6.3128100143863515
2017;200071215;#f58536;22;18;19;Imports CMS;CC Chavanon Combrailles et Volcans;Gaz;Pertes rťseaux;epci;0.03140701499694705
2017;200071215;#f58536;23;18;16;CMS;CC Chavanon Combrailles et Volcans;Gaz;Transformation de l'ťnergie;epci;0.0
2017;200071215;#f58536;24;18;20;CMS vecteur;CC Chavanon Combrailles et Volcans;Gaz;Gaz - vecteur ťnergťtique ;epci;6.3128100143863515
2017;200071215;#f58536;25;20;3;Imports uranium;CC Chavanon Combrailles et Volcans;Gaz - vecteur ťnergťtique ;Rťsidentiel;epci;5.63220000000001
2017;200071215;#f58536;26;20;4;Uranium;CC Chavanon Combrailles et Volcans;Gaz - vecteur ťnergťtique ;Tertiaire;epci;0.618692537690001
2017;200071215;#f58536;27;20;5;Imports biomasse solide;CC Chavanon Combrailles et Volcans;Gaz - vecteur ťnergťtique ;Agriculture, sylviculture et aquaculture;epci;0.009200063665787616
2017;200071215;#f58536;28;20;6;Production biommase solide;CC Chavanon Combrailles et Volcans;Gaz - vecteur ťnergťtique ;Industrie et dťchets;epci;0.021310398033606
2017;200071215;#f58536;29;20;7;Biomasse solide;CC Chavanon Combrailles et Volcans;Gaz - vecteur ťnergťtique ;Transport;epci;0.0
2017;200071215;#211e1c;30;21;22;Biomasse solide vecteur;CC Chavanon Combrailles et Volcans;Importations;CMS;epci;0.112602981937386
2017;200071215;#211e1c;31;22;16;Production biogaz;CC Chavanon Combrailles et Volcans;CMS;Transformation de l'ťnergie;epci;0.0
2017;200071215;#211e1c;32;22;23;Biogaz;CC Chavanon Combrailles et Volcans;CMS;CMS - vecteur ťnergťtique ;epci;0.112602981937386
2017;200071215;#211e1c;33;23;3;Production dťchets;CC Chavanon Combrailles et Volcans;CMS - vecteur ťnergťtique ;Rťsidentiel;epci;0.0
2017;200071215;#211e1c;34;23;4;Dťchets;CC Chavanon Combrailles et Volcans;CMS - vecteur ťnergťtique ;Tertiaire;epci;0.0
2017;200071215;#211e1c;35;23;5;Dťchets vecteur;CC Chavanon Combrailles et Volcans;CMS - vecteur ťnergťtique ;Agriculture, sylviculture et aquaculture;epci;0.0
2017;200071215;#211e1c;36;23;6;Production hydraulique;CC Chavanon Combrailles et Volcans;CMS - vecteur ťnergťtique ;Industrie et dťchets;epci;0.112602981937386
2017;200071215;#211e1c;37;23;7;Hydroťlectricitť;CC Chavanon Combrailles et Volcans;CMS - vecteur ťnergťtique ;Transport;epci;0.0
2017;200071215;#981ca3;38;24;25;Production ťolien;CC Chavanon Combrailles et Volcans;Importations;Uranium;epci;0.0
2017;200071215;#981ca3;39;25;16;Eolien;CC Chavanon Combrailles et Volcans;Uranium;Transformation de l'ťnergie;epci;0.0
2017;200071215;#db0d55;40;26;28;Production solaire PV;CC Chavanon Combrailles et Volcans;Importations;Biomasse solide;epci;16.451457192067334
2017;200071215;#db0d55;41;27;28;Solaire PV;CC Chavanon Combrailles et Volcans;Production;Biomasse solide;epci;38.386733448157116
2017;200071215;#db0d55;42;28;16;Electricitť;CC Chavanon Combrailles et Volcans;Biomasse solide;Transformation de l'ťnergie;epci;0.99158
2017;200071215;#db0d55;43;28;29;Production solaire thermique;CC Chavanon Combrailles et Volcans;Biomasse solide;Biomasse solide - vecteur ťnergťtique ;epci;53.846610640224455
2017;200071215;#db0d55;44;29;3;Solaire thermique;CC Chavanon Combrailles et Volcans;Biomasse solide - vecteur ťnergťtique ;Rťsidentiel;epci;45.8433678286467
2017;200071215;#db0d55;45;29;4;Production PAC;CC Chavanon Combrailles et Volcans;Biomasse solide - vecteur ťnergťtique ;Tertiaire;epci;0.37096969410251196
2017;200071215;#db0d55;46;29;5;Pertes ou torchage;CC Chavanon Combrailles et Volcans;Biomasse solide - vecteur ťnergťtique ;Agriculture, sylviculture et aquaculture;epci;0.0
2017;200071215;#db0d55;47;29;6;PAC;CC Chavanon Combrailles et Volcans;Biomasse solide - vecteur ťnergťtique ;Industrie et dťchets;epci;7.63227311747524
2017;200071215;#db0d55;48;29;7;Chaleur locale;CC Chavanon Combrailles et Volcans;Biomasse solide - vecteur ťnergťtique ;Transport;epci;0.0
2017;200071215;#1ca337;49;30;31;Rťseaux de chaleur;CC Chavanon Combrailles et Volcans;Production;Biogaz;epci;0.0
2017;200071215;#1ca337;50;31;45;Pertes transformation;CC Chavanon Combrailles et Volcans;Biogaz;Pertes ou torchage;epci;0.0
2017;200071215;#1ca337;51;31;20;;CC Chavanon Combrailles et Volcans;Biogaz;Gaz;epci;0.0
2017;200071215;#1ca337;52;31;16;;CC Chavanon Combrailles et Volcans;Biogaz;Transformation de l'ťnergie;epci;0.0
2017;200071215;#db0d55;58;32;33;;CC Chavanon Combrailles et Volcans;Production;Dťchets;epci;0.0
2017;200071215;#db0d55;59;33;16;;CC Chavanon Combrailles et Volcans;Dťchets;Transformation de l'ťnergie;epci;0.0
2017;200071215;#db0d55;60;33;34;;CC Chavanon Combrailles et Volcans;Dťchets;Dťchets - vecteur ťnergťtique ;epci;0.0
2017;200071215;#db0d55;61;34;3;;CC Chavanon Combrailles et Volcans;Dťchets - vecteur ťnergťtique ;Rťsidentiel;epci;0.0
2017;200071215;#db0d55;62;34;4;;CC Chavanon Combrailles et Volcans;Dťchets - vecteur ťnergťtique ;Tertiaire;epci;0.0
2017;200071215;#db0d55;63;34;5;;CC Chavanon Combrailles et Volcans;Dťchets - vecteur ťnergťtique ;Agriculture, sylviculture et aquaculture;epci;0.0
2017;200071215;#db0d55;64;34;6;;CC Chavanon Combrailles et Volcans;Dťchets - vecteur ťnergťtique ;Industrie et dťchets;epci;0.0
2017;200071215;#db0d55;65;34;7;;CC Chavanon Combrailles et Volcans;Dťchets - vecteur ťnergťtique ;Transport;epci;0.0
2017;200071215;#3474eb;66;35;36;;CC Chavanon Combrailles et Volcans;Production;Hydraulique;epci;17.280429
2017;200071215;#3474eb;67;37;38;;CC Chavanon Combrailles et Volcans;Production;Eolien;epci;0.0
2017;200071215;#faf31e;68;39;40;;CC Chavanon Combrailles et Volcans;Production;Solaire PV;epci;4.572177298773485
2017;200071215;#3474eb;69;36;41;;CC Chavanon Combrailles et Volcans;Hydraulique;Electricitť;epci;17.280429
2017;200071215;#3474eb;70;38;41;;CC Chavanon Combrailles et Volcans;Eolien;Electricitť;epci;0.0
2017;200071215;#faf31e;71;40;41;;CC Chavanon Combrailles et Volcans;Solaire PV;Electricitť;epci;4.572177298773485
2017;200071215;#faf31e;72;42;43;;CC Chavanon Combrailles et Volcans;Production;Solaire thermique;epci;0.55
2017;200071215;#faf31e;73;44;46;;CC Chavanon Combrailles et Volcans;Production;PAC;epci;9.93
2017;200071215;#faf31e;74;43;47;;CC Chavanon Combrailles et Volcans;Solaire thermique;Chaleur locale;epci;0.55
2017;200071215;#faf31e;75;46;47;;CC Chavanon Combrailles et Volcans;PAC;Chaleur locale;epci;9.93
2017;200071215;#db0d55;76;47;3;;CC Chavanon Combrailles et Volcans;Chaleur locale;Rťsidentiel;epci;10.48
2017;200071215;#db0d55;77;47;6;;CC Chavanon Combrailles et Volcans;Chaleur locale;Industrie et dťchets;epci;0.0
2017;200071215;#db0d55;78;48;19;;CC Chavanon Combrailles et Volcans;Chaleur RDC;Pertes rťseaux;epci;0.06813550000000007
2017;200071215;#db0d55;79;48;3;;CC Chavanon Combrailles et Volcans;Chaleur RDC;Rťsidentiel;epci;0.7379074649999999
2017;200071215;#db0d55;80;48;4;;CC Chavanon Combrailles et Volcans;Chaleur RDC;Tertiaire;epci;0.401318095
2017;200071215;#db0d55;81;48;5;;CC Chavanon Combrailles et Volcans;Chaleur RDC;Agriculture, sylviculture et aquaculture;epci;0.02589149
2017;200071215;#db0d55;82;48;6;;CC Chavanon Combrailles et Volcans;Chaleur RDC;Industrie et dťchets;epci;0.12945745
2017;200071215;#3474eb;83;16;41;;CC Chavanon Combrailles et Volcans;Transformation de l'ťnergie;Electricitť;epci;0.0
2017;200071215;#db0d55;84;16;48;;CC Chavanon Combrailles et Volcans;Transformation de l'ťnergie;Chaleur RDC;epci;1.36271
2017;200071215;#db0d55;85;16;47;;CC Chavanon Combrailles et Volcans;Transformation de l'ťnergie;Chaleur locale;epci;0.0
2017;200071215;#c5c9d1;86;16;49;;CC Chavanon Combrailles et Volcans;Transformation de l'ťnergie;Pertes transformation;epci;0.0
2017;200071215;#3474eb;87;41;3;;CC Chavanon Combrailles et Volcans;Electricitť;Rťsidentiel;epci;36.188171145819
2017;200071215;#3474eb;88;41;4;;CC Chavanon Combrailles et Volcans;Electricitť;Tertiaire;epci;30.2761963029011
2017;200071215;#3474eb;89;41;5;;CC Chavanon Combrailles et Volcans;Electricitť;Agriculture, sylviculture et aquaculture;epci;6.09196193406336
2017;200071215;#3474eb;90;41;6;;CC Chavanon Combrailles et Volcans;Electricitť;Industrie et dťchets;epci;8.93218433825503
2017;200071215;#3474eb;91;41;7;;CC Chavanon Combrailles et Volcans;Electricitť;Transport;epci;0.0644574331305948
2017;200071215;#3474eb;92;41;19;;CC Chavanon Combrailles et Volcans;Electricitť;Pertes rťseaux;epci;1.9667345668896132
2017;200071215;#3474eb;93;41;13;;CC Chavanon Combrailles et Volcans;Electricitť;Exportations;epci;61.66709942228521
2017;200065894;#40de48;1;0;1;imports organo-carburant;CC de Forez-Est;Importations;Organo-carburants;epci;55.778928036401254
2017;200065894;#40de49;2;1;2;organo-carburant;CC de Forez-Est;Organo-carburants;Organo-carburants - vecteur ťnergťtique ;epci;55.778928036401254
2017;200065894;#40de50;3;2;3;organo-carburant vecteur;CC de Forez-Est;Organo-carburants - vecteur ťnergťtique ;Rťsidentiel;epci;0.0
2017;200065894;#40de51;4;2;4;Rťsidentiel;CC de Forez-Est;Organo-carburants - vecteur ťnergťtique ;Tertiaire;epci;0.0
2017;200065894;#40de52;5;2;5;Tertiaire;CC de Forez-Est;Organo-carburants - vecteur ťnergťtique ;Agriculture, sylviculture et aquaculture;epci;2.25203695363603
2017;200065894;#40de53;6;2;6;Agriculture;CC de Forez-Est;Organo-carburants - vecteur ťnergťtique ;Industrie et dťchets;epci;0.0
2017;200065894;#40de54;7;2;7;Industrie-dťchets;CC de Forez-Est;Organo-carburants - vecteur ťnergťtique ;Transport;epci;53.526891082765225
2017;200065894;#c5c9d1;8;8;9;Transport;CC de Forez-Est;Importations;Produits pťtroliers primaires;epci;0.0
2017;200065894;#c5c9d1;9;9;10;imports pp primaires;CC de Forez-Est;Produits pťtroliers primaires;Raffinerie;epci;0.0
2017;200065894;#c5c9d1;10;10;12;pp primaires;CC de Forez-Est;Raffinerie;Produits pťtroliers secondaires;epci;0.0
2017;200065894;#c5c9d1;11;10;13;Raffinerie;CC de Forez-Est;Raffinerie;Exportations;epci;0.0
2017;200065894;#c5c9d1;12;10;14;Imports pp secondaires;CC de Forez-Est;Raffinerie;Pertes transformation;epci;0.0
2017;200065894;#c5c9d1;13;11;12;pp secondaires;CC de Forez-Est;Importations;Produits pťtroliers secondaires;epci;952.7886408725553
2017;200065894;#c5c9d1;14;12;16;Exportations;CC de Forez-Est;Produits pťtroliers secondaires;Transformation de l'ťnergie;epci;0.18000000017999998
2017;200065894;#c5c9d1;15;12;15;Pertes raffinage;CC de Forez-Est;Produits pťtroliers secondaires;Produits pťtroliers secondaires - vecteur ťnergťtique ;epci;952.6086408723751
2017;200065894;#c5c9d1;16;15;3;pp secondaires vecteur;CC de Forez-Est;Produits pťtroliers secondaires - vecteur ťnergťtique ;Rťsidentiel;epci;94.849010752206
2017;200065894;#c5c9d1;17;15;4;Transformation de l'ťnergie;CC de Forez-Est;Produits pťtroliers secondaires - vecteur ťnergťtique ;Tertiaire;epci;19.0674777748363
2017;200065894;#c5c9d1;18;15;5;Importation gaz;CC de Forez-Est;Produits pťtroliers secondaires - vecteur ťnergťtique ;Agriculture, sylviculture et aquaculture;epci;29.7977279741927
2017;200065894;#c5c9d1;19;15;6;Gaz;CC de Forez-Est;Produits pťtroliers secondaires - vecteur ťnergťtique ;Industrie et dťchets;epci;130.339162107074
2017;200065894;#c5c9d1;20;15;7;Pertes rťseaux;CC de Forez-Est;Produits pťtroliers secondaires - vecteur ťnergťtique ;Transport;epci;678.5552622640661
2017;200065894;#f58536;21;17;18;Gaz vecteur;CC de Forez-Est;Importations;Gaz;epci;563.5705177186284
2017;200065894;#f58536;22;18;19;Imports CMS;CC de Forez-Est;Gaz;Pertes rťseaux;epci;2.7971418791971585
2017;200065894;#f58536;23;18;16;CMS;CC de Forez-Est;Gaz;Transformation de l'ťnergie;epci;1.345
2017;200065894;#f58536;24;18;20;CMS vecteur;CC de Forez-Est;Gaz;Gaz - vecteur ťnergťtique ;epci;562.2255177186283
2017;200065894;#f58536;25;20;3;Imports uranium;CC de Forez-Est;Gaz - vecteur ťnergťtique ;Rťsidentiel;epci;143.9079825
2017;200065894;#f58536;26;20;4;Uranium;CC de Forez-Est;Gaz - vecteur ťnergťtique ;Tertiaire;epci;54.714665838132404
2017;200065894;#f58536;27;20;5;Imports biomasse solide;CC de Forez-Est;Gaz - vecteur ťnergťtique ;Agriculture, sylviculture et aquaculture;epci;0.7432018748447164
2017;200065894;#f58536;28;20;6;Production biommase solide;CC de Forez-Est;Gaz - vecteur ťnergťtique ;Industrie et dťchets;epci;360.06252562645403
2017;200065894;#f58536;29;20;7;Biomasse solide;CC de Forez-Est;Gaz - vecteur ťnergťtique ;Transport;epci;0.0
2017;200065894;#211e1c;30;21;22;Biomasse solide vecteur;CC de Forez-Est;Importations;CMS;epci;0.887161920170533
2017;200065894;#211e1c;31;22;16;Production biogaz;CC de Forez-Est;CMS;Transformation de l'ťnergie;epci;0.0
2017;200065894;#211e1c;32;22;23;Biogaz;CC de Forez-Est;CMS;CMS - vecteur ťnergťtique ;epci;0.887161920170533
2017;200065894;#211e1c;33;23;3;Production dťchets;CC de Forez-Est;CMS - vecteur ťnergťtique ;Rťsidentiel;epci;0.0
2017;200065894;#211e1c;34;23;4;Dťchets;CC de Forez-Est;CMS - vecteur ťnergťtique ;Tertiaire;epci;0.0
2017;200065894;#211e1c;35;23;5;Dťchets vecteur;CC de Forez-Est;CMS - vecteur ťnergťtique ;Agriculture, sylviculture et aquaculture;epci;0.0
2017;200065894;#211e1c;36;23;6;Production hydraulique;CC de Forez-Est;CMS - vecteur ťnergťtique ;Industrie et dťchets;epci;0.887161920170533
2017;200065894;#211e1c;37;23;7;Hydroťlectricitť;CC de Forez-Est;CMS - vecteur ťnergťtique ;Transport;epci;0.0
2017;200065894;#981ca3;38;24;25;Production ťolien;CC de Forez-Est;Importations;Uranium;epci;0.0
2017;200065894;#981ca3;39;25;16;Eolien;CC de Forez-Est;Uranium;Transformation de l'ťnergie;epci;0.0
2017;200065894;#db0d55;40;26;28;Production solaire PV;CC de Forez-Est;Importations;Biomasse solide;epci;35.770461534114105
2017;200065894;#db0d55;41;27;28;Solaire PV;CC de Forez-Est;Production;Biomasse solide;epci;83.46441024626624
2017;200065894;#db0d55;42;28;16;Electricitť;CC de Forez-Est;Biomasse solide;Transformation de l'ťnergie;epci;7.821474
2017;200065894;#db0d55;43;28;29;Production solaire thermique;CC de Forez-Est;Biomasse solide;Biomasse solide - vecteur ťnergťtique ;epci;111.41339778038035
2017;200065894;#db0d55;44;29;3;Solaire thermique;CC de Forez-Est;Biomasse solide - vecteur ťnergťtique ;Rťsidentiel;epci;110.09358224488301
2017;200065894;#db0d55;45;29;4;Production PAC;CC de Forez-Est;Biomasse solide - vecteur ťnergťtique ;Tertiaire;epci;0.015975972577780162
2017;200065894;#db0d55;46;29;5;Pertes ou torchage;CC de Forez-Est;Biomasse solide - vecteur ťnergťtique ;Agriculture, sylviculture et aquaculture;epci;0.0
2017;200065894;#db0d55;47;29;6;PAC;CC de Forez-Est;Biomasse solide - vecteur ťnergťtique ;Industrie et dťchets;epci;1.30383956291957
2017;200065894;#db0d55;48;29;7;Chaleur locale;CC de Forez-Est;Biomasse solide - vecteur ťnergťtique ;Transport;epci;0.0
2017;200065894;#1ca337;49;30;31;Rťseaux de chaleur;CC de Forez-Est;Production;Biogaz;epci;1.5825624999999999
2017;200065894;#1ca337;50;31;45;Pertes transformation;CC de Forez-Est;Biogaz;Pertes ou torchage;epci;0.03751249999999995
2017;200065894;#1ca337;51;31;20;;CC de Forez-Est;Biogaz;Gaz;epci;0.0
2017;200065894;#1ca337;52;31;16;;CC de Forez-Est;Biogaz;Transformation de l'ťnergie;epci;1.5450499999999998
2017;200065894;#db0d55;58;32;33;;CC de Forez-Est;Production;Dťchets;epci;0.0
2017;200065894;#db0d55;59;33;16;;CC de Forez-Est;Dťchets;Transformation de l'ťnergie;epci;0.0
2017;200065894;#db0d55;60;33;34;;CC de Forez-Est;Dťchets;Dťchets - vecteur ťnergťtique ;epci;0.0
2017;200065894;#db0d55;61;34;3;;CC de Forez-Est;Dťchets - vecteur ťnergťtique ;Rťsidentiel;epci;0.0
2017;200065894;#db0d55;62;34;4;;CC de Forez-Est;Dťchets - vecteur ťnergťtique ;Tertiaire;epci;0.0
2017;200065894;#db0d55;63;34;5;;CC de Forez-Est;Dťchets - vecteur ťnergťtique ;Agriculture, sylviculture et aquaculture;epci;0.0
2017;200065894;#db0d55;64;34;6;;CC de Forez-Est;Dťchets - vecteur ťnergťtique ;Industrie et dťchets;epci;0.0
2017;200065894;#db0d55;65;34;7;;CC de Forez-Est;Dťchets - vecteur ťnergťtique ;Transport;epci;0.0
2017;200065894;#3474eb;66;35;36;;CC de Forez-Est;Production;Hydraulique;epci;0.0
2017;200065894;#3474eb;67;37;38;;CC de Forez-Est;Production;Eolien;epci;0.0
2017;200065894;#faf31e;68;39;40;;CC de Forez-Est;Production;Solaire PV;epci;5.033787076563307
2017;200065894;#3474eb;69;36;41;;CC de Forez-Est;Hydraulique;Electricitť;epci;0.0
2017;200065894;#3474eb;70;38;41;;CC de Forez-Est;Eolien;Electricitť;epci;0.0
2017;200065894;#faf31e;71;40;41;;CC de Forez-Est;Solaire PV;Electricitť;epci;5.033787076563307
2017;200065894;#faf31e;72;42;43;;CC de Forez-Est;Production;Solaire thermique;epci;2.24
2017;200065894;#faf31e;73;44;46;;CC de Forez-Est;Production;PAC;epci;27.57
2017;200065894;#faf31e;74;43;47;;CC de Forez-Est;Solaire thermique;Chaleur locale;epci;2.24
2017;200065894;#faf31e;75;46;47;;CC de Forez-Est;PAC;Chaleur locale;epci;27.57
2017;200065894;#db0d55;76;47;3;;CC de Forez-Est;Chaleur locale;Rťsidentiel;epci;29.810000000000002
2017;200065894;#db0d55;77;47;6;;CC de Forez-Est;Chaleur locale;Industrie et dťchets;epci;0.7080499999999998
2017;200065894;#db0d55;78;48;19;;CC de Forez-Est;Chaleur RDC;Pertes rťseaux;epci;0.45832370000000044
2017;200065894;#db0d55;79;48;3;;CC de Forez-Est;Chaleur RDC;Rťsidentiel;epci;4.963645670999999
2017;200065894;#db0d55;80;48;4;;CC de Forez-Est;Chaleur RDC;Tertiaire;epci;2.699526593
2017;200065894;#db0d55;81;48;5;;CC de Forez-Est;Chaleur RDC;Agriculture, sylviculture et aquaculture;epci;0.174163006
2017;200065894;#db0d55;82;48;6;;CC de Forez-Est;Chaleur RDC;Industrie et dťchets;epci;0.87081503
2017;200065894;#3474eb;83;16;41;;CC de Forez-Est;Transformation de l'ťnergie;Electricitť;epci;0.6180000000000001
2017;200065894;#db0d55;84;16;48;;CC de Forez-Est;Transformation de l'ťnergie;Chaleur RDC;epci;9.166474000000001
2017;200065894;#db0d55;85;16;47;;CC de Forez-Est;Transformation de l'ťnergie;Chaleur locale;epci;0.7080499999999998
2017;200065894;#c5c9d1;86;16;49;;CC de Forez-Est;Transformation de l'ťnergie;Pertes transformation;epci;0.39900000018000004
2017;200065894;#3474eb;87;41;3;;CC de Forez-Est;Electricitť;Rťsidentiel;epci;166.829073297397
2017;200065894;#3474eb;88;41;4;;CC de Forez-Est;Electricitť;Tertiaire;epci;100.066365599553
2017;200065894;#3474eb;89;41;5;;CC de Forez-Est;Electricitť;Agriculture, sylviculture et aquaculture;epci;8.2912426935732
2017;200065894;#3474eb;90;41;6;;CC de Forez-Est;Electricitť;Industrie et dťchets;epci;171.41944900187374
2017;200065894;#3474eb;91;41;7;;CC de Forez-Est;Electricitť;Transport;epci;0.250334058355654
2017;200065894;#3474eb;92;41;19;;CC de Forez-Est;Electricitť;Pertes rťseaux;epci;0.5086608368906975
2017;200065894;#3474eb;93;41;13;;CC de Forez-Est;Electricitť;Exportations;epci;441.71333841108
2017;243800984;#40de48;1;0;1;imports organo-carburant;CA du Pays Voironnais;Importations;Organo-carburants;epci;71.97299582348239
2017;243800984;#40de49;2;1;2;organo-carburant;CA du Pays Voironnais;Organo-carburants;Organo-carburants - vecteur ťnergťtique ;epci;71.97299582348239
2017;243800984;#40de50;3;2;3;organo-carburant vecteur;CA du Pays Voironnais;Organo-carburants - vecteur ťnergťtique ;Rťsidentiel;epci;0.0
2017;243800984;#40de51;4;2;4;Rťsidentiel;CA du Pays Voironnais;Organo-carburants - vecteur ťnergťtique ;Tertiaire;epci;0.0
2017;243800984;#40de52;5;2;5;Tertiaire;CA du Pays Voironnais;Organo-carburants - vecteur ťnergťtique ;Agriculture, sylviculture et aquaculture;epci;0.916076071556722
2017;243800984;#40de53;6;2;6;Agriculture;CA du Pays Voironnais;Organo-carburants - vecteur ťnergťtique ;Industrie et dťchets;epci;0.0
2017;243800984;#40de54;7;2;7;Industrie-dťchets;CA du Pays Voironnais;Organo-carburants - vecteur ťnergťtique ;Transport;epci;71.05691975192568
2017;243800984;#c5c9d1;8;8;9;Transport;CA du Pays Voironnais;Importations;Produits pťtroliers primaires;epci;0.0
2017;243800984;#c5c9d1;9;9;10;imports pp primaires;CA du Pays Voironnais;Produits pťtroliers primaires;Raffinerie;epci;0.0
2017;243800984;#c5c9d1;10;10;12;pp primaires;CA du Pays Voironnais;Raffinerie;Produits pťtroliers secondaires;epci;0.0
2017;243800984;#c5c9d1;11;10;13;Raffinerie;CA du Pays Voironnais;Raffinerie;Exportations;epci;0.0
2017;243800984;#c5c9d1;12;10;14;Imports pp secondaires;CA du Pays Voironnais;Raffinerie;Pertes transformation;epci;0.0
2017;243800984;#c5c9d1;13;11;12;pp secondaires;CA du Pays Voironnais;Importations;Produits pťtroliers secondaires;epci;1086.1815088839517
2017;243800984;#c5c9d1;14;12;16;Exportations;CA du Pays Voironnais;Produits pťtroliers secondaires;Transformation de l'ťnergie;epci;0.0
2017;243800984;#c5c9d1;15;12;15;Pertes raffinage;CA du Pays Voironnais;Produits pťtroliers secondaires;Produits pťtroliers secondaires - vecteur ťnergťtique ;epci;1086.1815088839526
2017;243800984;#c5c9d1;16;15;3;pp secondaires vecteur;CA du Pays Voironnais;Produits pťtroliers secondaires - vecteur ťnergťtique ;Rťsidentiel;epci;99.4195576586367
2017;243800984;#c5c9d1;17;15;4;Transformation de l'ťnergie;CA du Pays Voironnais;Produits pťtroliers secondaires - vecteur ťnergťtique ;Tertiaire;epci;37.6239459920762
2017;243800984;#c5c9d1;18;15;5;Importation gaz;CA du Pays Voironnais;Produits pťtroliers secondaires - vecteur ťnergťtique ;Agriculture, sylviculture et aquaculture;epci;12.7499827751965
2017;243800984;#c5c9d1;19;15;6;Gaz;CA du Pays Voironnais;Produits pťtroliers secondaires - vecteur ťnergťtique ;Industrie et dťchets;epci;46.9594667606035
2017;243800984;#c5c9d1;20;15;7;Pertes rťseaux;CA du Pays Voironnais;Produits pťtroliers secondaires - vecteur ťnergťtique ;Transport;epci;889.4285556974397
2017;243800984;#f58536;21;17;18;Gaz vecteur;CA du Pays Voironnais;Importations;Gaz;epci;451.3512810912303
2017;243800984;#f58536;22;18;19;Imports CMS;CA du Pays Voironnais;Gaz;Pertes rťseaux;epci;2.2355536372698044
2017;243800984;#f58536;23;18;16;CMS;CA du Pays Voironnais;Gaz;Transformation de l'ťnergie;epci;2.005
2017;243800984;#f58536;24;18;20;CMS vecteur;CA du Pays Voironnais;Gaz;Gaz - vecteur ťnergťtique ;epci;449.3462810912303
2017;243800984;#f58536;25;20;3;Imports uranium;CA du Pays Voironnais;Gaz - vecteur ťnergťtique ;Rťsidentiel;epci;215.390064767219
2017;243800984;#f58536;26;20;4;Uranium;CA du Pays Voironnais;Gaz - vecteur ťnergťtique ;Tertiaire;epci;69.01961234458629
2017;243800984;#f58536;27;20;5;Imports biomasse solide;CA du Pays Voironnais;Gaz - vecteur ťnergťtique ;Agriculture, sylviculture et aquaculture;epci;1.240488374773606
2017;243800984;#f58536;28;20;6;Production biommase solide;CA du Pays Voironnais;Gaz - vecteur ťnergťtique ;Industrie et dťchets;epci;160.717894850889
2017;243800984;#f58536;29;20;7;Biomasse solide;CA du Pays Voironnais;Gaz - vecteur ťnergťtique ;Transport;epci;0.742667116492609
2017;243800984;#211e1c;30;21;22;Biomasse solide vecteur;CA du Pays Voironnais;Importations;CMS;epci;1.27411867505916
2017;243800984;#211e1c;31;22;16;Production biogaz;CA du Pays Voironnais;CMS;Transformation de l'ťnergie;epci;0.0
2017;243800984;#211e1c;32;22;23;Biogaz;CA du Pays Voironnais;CMS;CMS - vecteur ťnergťtique ;epci;1.27411867505916
2017;243800984;#211e1c;33;23;3;Production dťchets;CA du Pays Voironnais;CMS - vecteur ťnergťtique ;Rťsidentiel;epci;0.0
2017;243800984;#211e1c;34;23;4;Dťchets;CA du Pays Voironnais;CMS - vecteur ťnergťtique ;Tertiaire;epci;0.0
2017;243800984;#211e1c;35;23;5;Dťchets vecteur;CA du Pays Voironnais;CMS - vecteur ťnergťtique ;Agriculture, sylviculture et aquaculture;epci;0.0
2017;243800984;#211e1c;36;23;6;Production hydraulique;CA du Pays Voironnais;CMS - vecteur ťnergťtique ;Industrie et dťchets;epci;1.27411867505916
2017;243800984;#211e1c;37;23;7;Hydroťlectricitť;CA du Pays Voironnais;CMS - vecteur ťnergťtique ;Transport;epci;0.0
2017;243800984;#981ca3;38;24;25;Production ťolien;CA du Pays Voironnais;Importations;Uranium;epci;0.0
2017;243800984;#981ca3;39;25;16;Eolien;CA du Pays Voironnais;Uranium;Transformation de l'ťnergie;epci;0.0
2017;243800984;#db0d55;40;26;28;Production solaire PV;CA du Pays Voironnais;Importations;Biomasse solide;epci;42.81993807007781
2017;243800984;#db0d55;41;27;28;Solaire PV;CA du Pays Voironnais;Production;Biomasse solide;epci;99.91318883018155
2017;243800984;#db0d55;42;28;16;Electricitť;CA du Pays Voironnais;Biomasse solide;Transformation de l'ťnergie;epci;13.417
2017;243800984;#db0d55;43;28;29;Production solaire thermique;CA du Pays Voironnais;Biomasse solide;Biomasse solide - vecteur ťnergťtique ;epci;129.31612690025938
2017;243800984;#db0d55;44;29;3;Solaire thermique;CA du Pays Voironnais;Biomasse solide - vecteur ťnergťtique ;Rťsidentiel;epci;126.263671021404
2017;243800984;#db0d55;45;29;4;Production PAC;CA du Pays Voironnais;Biomasse solide - vecteur ťnergťtique ;Tertiaire;epci;0.35051035099757977
2017;243800984;#db0d55;46;29;5;Pertes ou torchage;CA du Pays Voironnais;Biomasse solide - vecteur ťnergťtique ;Agriculture, sylviculture et aquaculture;epci;0.0
2017;243800984;#db0d55;47;29;6;PAC;CA du Pays Voironnais;Biomasse solide - vecteur ťnergťtique ;Industrie et dťchets;epci;2.7019455278577897
2017;243800984;#db0d55;48;29;7;Chaleur locale;CA du Pays Voironnais;Biomasse solide - vecteur ťnergťtique ;Transport;epci;0.0
2017;243800984;#1ca337;49;30;31;Rťseaux de chaleur;CA du Pays Voironnais;Production;Biogaz;epci;0.0
2017;243800984;#1ca337;50;31;45;Pertes transformation;CA du Pays Voironnais;Biogaz;Pertes ou torchage;epci;0.0
2017;243800984;#1ca337;51;31;20;;CA du Pays Voironnais;Biogaz;Gaz;epci;0.0
2017;243800984;#1ca337;52;31;16;;CA du Pays Voironnais;Biogaz;Transformation de l'ťnergie;epci;0.0
2017;243800984;#db0d55;58;32;33;;CA du Pays Voironnais;Production;Dťchets;epci;0.0
2017;243800984;#db0d55;59;33;16;;CA du Pays Voironnais;Dťchets;Transformation de l'ťnergie;epci;0.0
2017;243800984;#db0d55;60;33;34;;CA du Pays Voironnais;Dťchets;Dťchets - vecteur ťnergťtique ;epci;0.0
2017;243800984;#db0d55;61;34;3;;CA du Pays Voironnais;Dťchets - vecteur ťnergťtique ;Rťsidentiel;epci;0.0
2017;243800984;#db0d55;62;34;4;;CA du Pays Voironnais;Dťchets - vecteur ťnergťtique ;Tertiaire;epci;0.0
2017;243800984;#db0d55;63;34;5;;CA du Pays Voironnais;Dťchets - vecteur ťnergťtique ;Agriculture, sylviculture et aquaculture;epci;0.0
2017;243800984;#db0d55;64;34;6;;CA du Pays Voironnais;Dťchets - vecteur ťnergťtique ;Industrie et dťchets;epci;0.0
2017;243800984;#db0d55;65;34;7;;CA du Pays Voironnais;Dťchets - vecteur ťnergťtique ;Transport;epci;0.0
2017;243800984;#3474eb;66;35;36;;CA du Pays Voironnais;Production;Hydraulique;epci;2.359366
2017;243800984;#3474eb;67;37;38;;CA du Pays Voironnais;Production;Eolien;epci;0.0
2017;243800984;#faf31e;68;39;40;;CA du Pays Voironnais;Production;Solaire PV;epci;4.408196625524942
2017;243800984;#3474eb;69;36;41;;CA du Pays Voironnais;Hydraulique;Electricitť;epci;2.359366
2017;243800984;#3474eb;70;38;41;;CA du Pays Voironnais;Eolien;Electricitť;epci;0.0
2017;243800984;#faf31e;71;40;41;;CA du Pays Voironnais;Solaire PV;Electricitť;epci;4.408196625524942
2017;243800984;#faf31e;72;42;43;;CA du Pays Voironnais;Production;Solaire thermique;epci;3.32
2017;243800984;#faf31e;73;44;46;;CA du Pays Voironnais;Production;PAC;epci;30.33
2017;243800984;#faf31e;74;43;47;;CA du Pays Voironnais;Solaire thermique;Chaleur locale;epci;3.32
2017;243800984;#faf31e;75;46;47;;CA du Pays Voironnais;PAC;Chaleur locale;epci;30.33
2017;243800984;#db0d55;76;47;3;;CA du Pays Voironnais;Chaleur locale;Rťsidentiel;epci;33.65
2017;243800984;#db0d55;77;47;6;;CA du Pays Voironnais;Chaleur locale;Industrie et dťchets;epci;0.0
2017;243800984;#db0d55;78;48;19;;CA du Pays Voironnais;Chaleur RDC;Pertes rťseaux;epci;0.7843000000000007
2017;243800984;#db0d55;79;48;3;;CA du Pays Voironnais;Chaleur RDC;Rťsidentiel;epci;8.493969
2017;243800984;#db0d55;80;48;4;;CA du Pays Voironnais;Chaleur RDC;Tertiaire;epci;4.619527
2017;243800984;#db0d55;81;48;5;;CA du Pays Voironnais;Chaleur RDC;Agriculture, sylviculture et aquaculture;epci;0.298034
2017;243800984;#db0d55;82;48;6;;CA du Pays Voironnais;Chaleur RDC;Industrie et dťchets;epci;1.49017
2017;243800984;#3474eb;83;16;41;;CA du Pays Voironnais;Transformation de l'ťnergie;Electricitť;epci;0.0
2017;243800984;#db0d55;84;16;48;;CA du Pays Voironnais;Transformation de l'ťnergie;Chaleur RDC;epci;15.686
2017;243800984;#db0d55;85;16;47;;CA du Pays Voironnais;Transformation de l'ťnergie;Chaleur locale;epci;0.0
2017;243800984;#c5c9d1;86;16;49;;CA du Pays Voironnais;Transformation de l'ťnergie;Pertes transformation;epci;0.0
2017;243800984;#3474eb;87;41;3;;CA du Pays Voironnais;Electricitť;Rťsidentiel;epci;258.521566440531
2017;243800984;#3474eb;88;41;4;;CA du Pays Voironnais;Electricitť;Tertiaire;epci;126.279005639515
2017;243800984;#3474eb;89;41;5;;CA du Pays Voironnais;Electricitť;Agriculture, sylviculture et aquaculture;epci;4.79050373503939
2017;243800984;#3474eb;90;41;6;;CA du Pays Voironnais;Electricitť;Industrie et dťchets;epci;128.927426068427
2017;243800984;#3474eb;91;41;7;;CA du Pays Voironnais;Electricitť;Transport;epci;23.73643808267582
2017;243800984;#3474eb;92;41;19;;CA du Pays Voironnais;Electricitť;Pertes rťseaux;epci;0.6090806362972445
2017;243800984;#3474eb;93;41;13;;CA du Pays Voironnais;Electricitť;Exportations;epci;536.0964579769604
2017;200067627;#40de48;1;0;1;imports organo-carburant;CC Billom Communautť;Importations;Organo-carburants;epci;19.31622617143838
2017;200067627;#40de49;2;1;2;organo-carburant;CC Billom Communautť;Organo-carburants;Organo-carburants - vecteur ťnergťtique ;epci;19.31622617143838
2017;200067627;#40de50;3;2;3;organo-carburant vecteur;CC Billom Communautť;Organo-carburants - vecteur ťnergťtique ;Rťsidentiel;epci;0.0
2017;200067627;#40de51;4;2;4;Rťsidentiel;CC Billom Communautť;Organo-carburants - vecteur ťnergťtique ;Tertiaire;epci;0.0
2017;200067627;#40de52;5;2;5;Tertiaire;CC Billom Communautť;Organo-carburants - vecteur ťnergťtique ;Agriculture, sylviculture et aquaculture;epci;1.12742555579706
2017;200067627;#40de53;6;2;6;Agriculture;CC Billom Communautť;Organo-carburants - vecteur ťnergťtique ;Industrie et dťchets;epci;0.0
2017;200067627;#40de54;7;2;7;Industrie-dťchets;CC Billom Communautť;Organo-carburants - vecteur ťnergťtique ;Transport;epci;18.18880061564132
2017;200067627;#c5c9d1;8;8;9;Transport;CC Billom Communautť;Importations;Produits pťtroliers primaires;epci;0.0
2017;200067627;#c5c9d1;9;9;10;imports pp primaires;CC Billom Communautť;Produits pťtroliers primaires;Raffinerie;epci;0.0
2017;200067627;#c5c9d1;10;10;12;pp primaires;CC Billom Communautť;Raffinerie;Produits pťtroliers secondaires;epci;0.0
2017;200067627;#c5c9d1;11;10;13;Raffinerie;CC Billom Communautť;Raffinerie;Exportations;epci;0.0
2017;200067627;#c5c9d1;12;10;14;Imports pp secondaires;CC Billom Communautť;Raffinerie;Pertes transformation;epci;0.0
2017;200067627;#c5c9d1;13;11;12;pp secondaires;CC Billom Communautť;Importations;Produits pťtroliers secondaires;epci;287.7377876006727
2017;200067627;#c5c9d1;14;12;16;Exportations;CC Billom Communautť;Produits pťtroliers secondaires;Transformation de l'ťnergie;epci;0.0
2017;200067627;#c5c9d1;15;12;15;Pertes raffinage;CC Billom Communautť;Produits pťtroliers secondaires;Produits pťtroliers secondaires - vecteur ťnergťtique ;epci;287.7377876006728
2017;200067627;#c5c9d1;16;15;3;pp secondaires vecteur;CC Billom Communautť;Produits pťtroliers secondaires - vecteur ťnergťtique ;Rťsidentiel;epci;33.6167724135238
2017;200067627;#c5c9d1;17;15;4;Transformation de l'ťnergie;CC Billom Communautť;Produits pťtroliers secondaires - vecteur ťnergťtique ;Tertiaire;epci;7.21487343758546
2017;200067627;#c5c9d1;18;15;5;Importation gaz;CC Billom Communautť;Produits pťtroliers secondaires - vecteur ťnergťtique ;Agriculture, sylviculture et aquaculture;epci;13.9744957015546
2017;200067627;#c5c9d1;19;15;6;Gaz;CC Billom Communautť;Produits pťtroliers secondaires - vecteur ťnergťtique ;Industrie et dťchets;epci;3.44347116938868
2017;200067627;#c5c9d1;20;15;7;Pertes rťseaux;CC Billom Communautť;Produits pťtroliers secondaires - vecteur ťnergťtique ;Transport;epci;229.48817487862024
2017;200067627;#f58536;21;17;18;Gaz vecteur;CC Billom Communautť;Importations;Gaz;epci;56.30172633186361
2017;200067627;#f58536;22;18;19;Imports CMS;CC Billom Communautť;Gaz;Pertes rťseaux;epci;0.2801080912033018
2017;200067627;#f58536;23;18;16;CMS;CC Billom Communautť;Gaz;Transformation de l'ťnergie;epci;0.0
2017;200067627;#f58536;24;18;20;CMS vecteur;CC Billom Communautť;Gaz;Gaz - vecteur ťnergťtique ;epci;56.30172633186361
2017;200067627;#f58536;25;20;3;Imports uranium;CC Billom Communautť;Gaz - vecteur ťnergťtique ;Rťsidentiel;epci;42.4944000000001
2017;200067627;#f58536;26;20;4;Uranium;CC Billom Communautť;Gaz - vecteur ťnergťtique ;Tertiaire;epci;11.8947234385365
2017;200067627;#f58536;27;20;5;Imports biomasse solide;CC Billom Communautť;Gaz - vecteur ťnergťtique ;Agriculture, sylviculture et aquaculture;epci;0.42713043434186704
2017;200067627;#f58536;28;20;6;Production biommase solide;CC Billom Communautť;Gaz - vecteur ťnergťtique ;Industrie et dťchets;epci;1.20536436778184
2017;200067627;#f58536;29;20;7;Biomasse solide;CC Billom Communautť;Gaz - vecteur ťnergťtique ;Transport;epci;0.0
2017;200067627;#211e1c;30;21;22;Biomasse solide vecteur;CC Billom Communautť;Importations;CMS;epci;0.585970200050141
2017;200067627;#211e1c;31;22;16;Production biogaz;CC Billom Communautť;CMS;Transformation de l'ťnergie;epci;0.0
2017;200067627;#211e1c;32;22;23;Biogaz;CC Billom Communautť;CMS;CMS - vecteur ťnergťtique ;epci;0.585970200050141
2017;200067627;#211e1c;33;23;3;Production dťchets;CC Billom Communautť;CMS - vecteur ťnergťtique ;Rťsidentiel;epci;0.0
2017;200067627;#211e1c;34;23;4;Dťchets;CC Billom Communautť;CMS - vecteur ťnergťtique ;Tertiaire;epci;0.0
2017;200067627;#211e1c;35;23;5;Dťchets vecteur;CC Billom Communautť;CMS - vecteur ťnergťtique ;Agriculture, sylviculture et aquaculture;epci;0.0
2017;200067627;#211e1c;36;23;6;Production hydraulique;CC Billom Communautť;CMS - vecteur ťnergťtique ;Industrie et dťchets;epci;0.585970200050141
2017;200067627;#211e1c;37;23;7;Hydroťlectricitť;CC Billom Communautť;CMS - vecteur ťnergťtique ;Transport;epci;0.0
2017;200067627;#981ca3;38;24;25;Production ťolien;CC Billom Communautť;Importations;Uranium;epci;0.0
2017;200067627;#981ca3;39;25;16;Eolien;CC Billom Communautť;Uranium;Transformation de l'ťnergie;epci;0.0
2017;200067627;#db0d55;40;26;28;Production solaire PV;CC Billom Communautť;Importations;Biomasse solide;epci;15.679194927910082
2017;200067627;#db0d55;41;27;28;Solaire PV;CC Billom Communautť;Production;Biomasse solide;epci;36.58478816512353
2017;200067627;#db0d55;42;28;16;Electricitť;CC Billom Communautť;Biomasse solide;Transformation de l'ťnergie;epci;0.0
2017;200067627;#db0d55;43;28;29;Production solaire thermique;CC Billom Communautť;Biomasse solide;Biomasse solide - vecteur ťnergťtique ;epci;52.26398309303361
2017;200067627;#db0d55;44;29;3;Solaire thermique;CC Billom Communautť;Biomasse solide - vecteur ťnergťtique ;Rťsidentiel;epci;51.4719616432967
2017;200067627;#db0d55;45;29;4;Production PAC;CC Billom Communautť;Biomasse solide - vecteur ťnergťtique ;Tertiaire;epci;0.606265709853391
2017;200067627;#db0d55;46;29;5;Pertes ou torchage;CC Billom Communautť;Biomasse solide - vecteur ťnergťtique ;Agriculture, sylviculture et aquaculture;epci;0.0
2017;200067627;#db0d55;47;29;6;PAC;CC Billom Communautť;Biomasse solide - vecteur ťnergťtique ;Industrie et dťchets;epci;0.185755739883517
2017;200067627;#db0d55;48;29;7;Chaleur locale;CC Billom Communautť;Biomasse solide - vecteur ťnergťtique ;Transport;epci;0.0
2017;200067627;#1ca337;49;30;31;Rťseaux de chaleur;CC Billom Communautť;Production;Biogaz;epci;0.0
2017;200067627;#1ca337;50;31;45;Pertes transformation;CC Billom Communautť;Biogaz;Pertes ou torchage;epci;0.0
2017;200067627;#1ca337;51;31;20;;CC Billom Communautť;Biogaz;Gaz;epci;0.0
2017;200067627;#1ca337;52;31;16;;CC Billom Communautť;Biogaz;Transformation de l'ťnergie;epci;0.0
2017;200067627;#db0d55;58;32;33;;CC Billom Communautť;Production;Dťchets;epci;0.0
2017;200067627;#db0d55;59;33;16;;CC Billom Communautť;Dťchets;Transformation de l'ťnergie;epci;0.0
2017;200067627;#db0d55;60;33;34;;CC Billom Communautť;Dťchets;Dťchets - vecteur ťnergťtique ;epci;0.0
2017;200067627;#db0d55;61;34;3;;CC Billom Communautť;Dťchets - vecteur ťnergťtique ;Rťsidentiel;epci;0.0
2017;200067627;#db0d55;62;34;4;;CC Billom Communautť;Dťchets - vecteur ťnergťtique ;Tertiaire;epci;0.0
2017;200067627;#db0d55;63;34;5;;CC Billom Communautť;Dťchets - vecteur ťnergťtique ;Agriculture, sylviculture et aquaculture;epci;0.0
2017;200067627;#db0d55;64;34;6;;CC Billom Communautť;Dťchets - vecteur ťnergťtique ;Industrie et dťchets;epci;0.0
2017;200067627;#db0d55;65;34;7;;CC Billom Communautť;Dťchets - vecteur ťnergťtique ;Transport;epci;0.0
2017;200067627;#3474eb;66;35;36;;CC Billom Communautť;Production;Hydraulique;epci;0.0
2017;200067627;#3474eb;67;37;38;;CC Billom Communautť;Production;Eolien;epci;0.0
2017;200067627;#faf31e;68;39;40;;CC Billom Communautť;Production;Solaire PV;epci;1.545298465439942
2017;200067627;#3474eb;69;36;41;;CC Billom Communautť;Hydraulique;Electricitť;epci;0.0
2017;200067627;#3474eb;70;38;41;;CC Billom Communautť;Eolien;Electricitť;epci;0.0
2017;200067627;#faf31e;71;40;41;;CC Billom Communautť;Solaire PV;Electricitť;epci;1.545298465439942
2017;200067627;#faf31e;72;42;43;;CC Billom Communautť;Production;Solaire thermique;epci;1.09
2017;200067627;#faf31e;73;44;46;;CC Billom Communautť;Production;PAC;epci;13.19
2017;200067627;#faf31e;74;43;47;;CC Billom Communautť;Solaire thermique;Chaleur locale;epci;1.09
2017;200067627;#faf31e;75;46;47;;CC Billom Communautť;PAC;Chaleur locale;epci;13.19
2017;200067627;#db0d55;76;47;3;;CC Billom Communautť;Chaleur locale;Rťsidentiel;epci;14.28
2017;200067627;#db0d55;77;47;6;;CC Billom Communautť;Chaleur locale;Industrie et dťchets;epci;0.0
2017;200067627;#db0d55;78;48;19;;CC Billom Communautť;Chaleur RDC;Pertes rťseaux;epci;0.0
2017;200067627;#db0d55;79;48;3;;CC Billom Communautť;Chaleur RDC;Rťsidentiel;epci;0.0
2017;200067627;#db0d55;80;48;4;;CC Billom Communautť;Chaleur RDC;Tertiaire;epci;0.0
2017;200067627;#db0d55;81;48;5;;CC Billom Communautť;Chaleur RDC;Agriculture, sylviculture et aquaculture;epci;0.0
2017;200067627;#db0d55;82;48;6;;CC Billom Communautť;Chaleur RDC;Industrie et dťchets;epci;0.0
2017;200067627;#3474eb;83;16;41;;CC Billom Communautť;Transformation de l'ťnergie;Electricitť;epci;0.0
2017;200067627;#db0d55;84;16;48;;CC Billom Communautť;Transformation de l'ťnergie;Chaleur RDC;epci;0.0
2017;200067627;#db0d55;85;16;47;;CC Billom Communautť;Transformation de l'ťnergie;Chaleur locale;epci;0.0
2017;200067627;#c5c9d1;86;16;49;;CC Billom Communautť;Transformation de l'ťnergie;Pertes transformation;epci;0.0
2017;200067627;#3474eb;87;41;3;;CC Billom Communautť;Electricitť;Rťsidentiel;epci;72.7062679152211
2017;200067627;#3474eb;88;41;4;;CC Billom Communautť;Electricitť;Tertiaire;epci;17.4679867350191
2017;200067627;#3474eb;89;41;5;;CC Billom Communautť;Electricitť;Agriculture, sylviculture et aquaculture;epci;3.8993448261363
2017;200067627;#3474eb;90;41;6;;CC Billom Communautť;Electricitť;Industrie et dťchets;epci;5.8494385783237774
2017;200067627;#3474eb;91;41;7;;CC Billom Communautť;Electricitť;Transport;epci;0.118557098092828
2017;200067627;#3474eb;92;41;19;;CC Billom Communautť;Electricitť;Pertes rťseaux;epci;0.13907686188959473
2017;200067627;#3474eb;93;41;13;;CC Billom Communautť;Electricitť;Exportations;epci;98.63537354924274
